date,005930,000660,005380,005490,035420,051910,105560,012330,015760,032830,068270,091990,130960,263750,086900,003670,034230,036490,253450,046890,151910
2016-11-01,341878096000.0,133284732000.0,61827151500.0,55343568000.0,190281091000.0,36570354000.0,50425619950.0,78869970000.0,60056074000.0,16490828000.0,25420313765.0,,13481230000.0,,6678855000.0,2955993700.0,6900646600.0,4969692000.0,,4378440000.0,0.0
2016-11-02,331861355000.0,115728691000.0,91508652000.0,69139512000.0,70512316000.0,32363469000.0,62557472000.0,36494154000.0,57683952700.0,17323740000.0,45488403531.0,,40753205400.0,,11687945200.0,2116128000.0,5342148000.0,6024749000.0,,4773230000.0,0.0
2016-11-03,334248592000.0,106183295400.0,71112678000.0,48630741000.0,55496140000.0,41679400000.0,51590423000.0,48091239000.0,42217056000.0,17578302000.0,56815880728.0,,20595063000.0,,6059874800.0,1228270400.0,8075374950.0,5722609500.0,,4819691400.0,0.0
2016-11-04,231159279000.0,107158316000.0,46987048000.0,40059922000.0,80852775000.0,25551228000.0,43179358400.0,30946700000.0,89137416700.0,11048071000.0,38121957198.0,,40645461000.0,,63712670000.0,937675200.0,6918291250.0,4649416800.0,,3419689650.0,0.0
2016-11-07,251310320000.0,84378630000.0,53187236000.0,52840640000.0,81917180000.0,57125750000.0,36410503700.0,34979094000.0,98240866000.0,15211260000.0,33607962605.0,,17335860200.0,,27075136000.0,2129593200.0,6173307000.0,9208931700.0,,3236897350.0,0.0
2016-11-08,178125756000.0,78143960500.0,47290271000.0,37668495000.0,51266760000.0,46811732500.0,38134578000.0,26892996000.0,76467622500.0,62162661000.0,29901850568.0,,12042084700.0,,15058929600.0,1313297500.0,6570515800.0,9990400000.0,,3220291200.0,0.0
2016-11-09,500620512000.0,229148888150.0,141335964000.0,137149860000.0,100121875000.0,114228356000.0,84667771200.0,58734940500.0,114395330000.0,48767746500.0,229319938278.0,,23675490000.0,,22524799600.0,1894740000.0,10417382000.0,21830859000.0,,11329705200.0,0.0
2016-11-10,389010643000.0,103337794000.0,161707950000.0,165234602000.0,66518374000.0,97397981000.0,67659896500.0,135661704000.0,86469814200.0,28546295500.0,99067424730.0,,34589331700.0,,23158939200.0,2105771200.0,5888455800.0,13076250000.0,,4589457600.0,0.0
2016-11-11,410264128000.0,118061642350.0,75124766500.0,117677673000.0,162891560000.0,70376487500.0,63072847500.0,88408985000.0,89447766400.0,69175983500.0,56377083672.0,,48155157900.0,,12454862000.0,1602166250.0,6794913150.0,5314327200.0,,2229962700.0,0.0
2016-11-14,470040298000.0,63119466700.0,48828516000.0,126773640000.0,104040890000.0,56741605500.0,40319238700.0,53401437000.0,54707163750.0,69131560000.0,37036615731.0,,14535628800.0,,8747004000.0,3154811000.0,4075533350.0,9559603200.0,,3177550600.0,0.0
2016-11-15,420630246000.0,80594414200.0,54377392500.0,120750584000.0,98999616000.0,56101194500.0,47466540700.0,53226810000.0,116454267600.0,40686231500.0,33214570992.0,,10298121600.0,,16149984600.0,1883238750.0,19061225000.0,6545567800.0,,2105905600.0,0.0
2016-11-16,414683512000.0,85861716300.0,49711225000.0,114903945000.0,116401996000.0,36207654000.0,35388328000.0,50873832500.0,114067592100.0,27450528000.0,48239259520.0,,14201244000.0,,10279894000.0,1340203200.0,12709229000.0,6574560000.0,,2762594400.0,0.0
2016-11-17,246820448000.0,99867141600.0,28657332000.0,80488408000.0,74044805000.0,22753218500.0,42636253500.0,45097710000.0,74160590400.0,50340636000.0,24291444542.0,,14852601900.0,,6246800000.0,1463321450.0,8482224800.0,4122014000.0,,4802831550.0,0.0
2016-11-18,300094990000.0,139907628000.0,36556037000.0,47123780000.0,111389454000.0,42404300500.0,28451676000.0,35241467000.0,67885838900.0,28314709500.0,29899629316.0,,10786490000.0,,28908342900.0,1154868750.0,5684154000.0,4943934000.0,,2670513300.0,0.0
2016-11-21,260621172000.0,76757800250.0,52455087000.0,50239728000.0,115732212000.0,42993321000.0,25637219850.0,42370948000.0,92380039400.0,26894600000.0,23048178048.0,,47028751200.0,,7096709800.0,1507617900.0,6800379400.0,3704824500.0,,2591820800.0,0.0
2016-11-22,319836080000.0,141174142200.0,48973674000.0,68895937000.0,85336740000.0,42061575000.0,40908191500.0,34985940000.0,61445653950.0,21820968000.0,25210391184.0,,35875049000.0,,7265299600.0,2568820000.0,8570703150.0,7086179600.0,,8703786000.0,0.0
2016-11-23,417810428000.0,174242421150.0,39225418000.0,77237840000.0,60030450000.0,40550912500.0,39896107200.0,60655344000.0,53857937600.0,27668517000.0,21620599499.0,,11009344500.0,,14717185000.0,3051124300.0,6218664100.0,4374410000.0,,5491339200.0,0.0
2016-11-24,255985950000.0,76332624250.0,46003545000.0,61996684000.0,56413482000.0,177512284000.0,32441648800.0,40490000000.0,45526099200.0,16806406500.0,27446534500.0,,24260478500.0,,33712700000.0,2113163100.0,5232991400.0,6142700000.0,,5817025500.0,0.0
2016-11-25,207137700000.0,56613610800.0,24484488000.0,45690109500.0,100451120000.0,55485937500.0,29410096250.0,26669814500.0,38700679500.0,11609807500.0,16839227912.0,,15151936800.0,,12053211900.0,1089813900.0,3180077400.0,5544530300.0,,4044819750.0,0.0
2016-11-28,445882437000.0,64462959000.0,34606035000.0,62743120000.0,61530816000.0,62975842000.0,33511547750.0,27947434500.0,51525762400.0,23003158000.0,24373513008.0,,11631824500.0,,16761186000.0,989486850.0,4784223000.0,5033504400.0,,5681263800.0,0.0
2016-11-29,606446802000.0,75365152000.0,41993052000.0,480036816000.0,45353421000.0,33511958000.0,42315798050.0,31199064000.0,52610511600.0,41836872000.0,21820549382.0,,27024790100.0,,12778623900.0,3252144000.0,7804718700.0,5577062400.0,,6092943450.0,0.0
2016-11-30,996449184000.0,185564979600.0,158106011000.0,149827494500.0,134532426000.0,47531931000.0,64564812600.0,44021208000.0,69060544500.0,40246104000.0,28918346058.0,,16464513600.0,,8852538600.0,4849652500.0,52730916200.0,3749724000.0,,3327967800.0,0.0
2016-12-01,543426543000.0,154310377000.0,63143784000.0,81291119000.0,79350568000.0,41902798500.0,40816137600.0,43369230000.0,113802119500.0,18144604000.0,34273857218.0,,24635161200.0,,7863306800.0,1279047000.0,4523049400.0,4359970300.0,,5062121400.0,0.0
2016-12-02,530290893000.0,188438617200.0,53877262500.0,58122955000.0,60369800000.0,42799720000.0,37539642000.0,25215460000.0,101683167300.0,18501768000.0,44225704589.0,,12876425600.0,,8265164000.0,1410084300.0,3610948400.0,6018717500.0,,10280617250.0,0.0
2016-12-05,291530856000.0,75622923600.0,32724006000.0,43479866000.0,62750376000.0,34134733000.0,30877320600.0,20666751000.0,52633324800.0,13328377500.0,37422218365.0,,15802189800.0,,5768970000.0,665807850.0,13460529600.0,6266340600.0,,5209503600.0,0.0
2016-12-06,489502928000.0,140077738000.0,51154740000.0,110183557000.0,74497752000.0,86313172000.0,46928480000.0,37983015000.0,57861848400.0,21478177500.0,29571780600.0,,13065211800.0,,6738153800.0,1965643350.0,5077861800.0,6586783000.0,,6504941100.0,0.0
2016-12-07,340353356000.0,89792697250.0,38101381500.0,159484515000.0,39675750000.0,53023640000.0,48430577700.0,30615108000.0,42197708400.0,20937846000.0,47110922155.0,,28165447200.0,,16883011600.0,1249079000.0,7057764600.0,4881979200.0,,3924934650.0,0.0
2016-12-08,589359290000.0,153233511250.0,126330158000.0,213342093000.0,108529548000.0,114426144000.0,97892764800.0,60685559000.0,73731679600.0,32688714000.0,47072045360.0,,15753888000.0,,21043776400.0,2250250350.0,6205940400.0,8117586000.0,,7778369250.0,0.0
2016-12-09,379227220000.0,136651333000.0,93228192000.0,82445058000.0,65841600000.0,53323533000.0,55948415600.0,43740179000.0,134426825100.0,11668293000.0,34173043236.0,,26964273000.0,,21504600000.0,3914457950.0,8136454700.0,3862699200.0,,5407157700.0,0.0
2016-12-12,399962328000.0,65258681700.0,54632126500.0,113236452500.0,47932632000.0,56226821000.0,22347611900.0,24865512000.0,74723451750.0,14001887500.0,21280999108.0,,27739358000.0,,8572662400.0,2036336400.0,4358715000.0,8094375900.0,,4995603000.0,0.0
2016-12-13,412694774000.0,81941692400.0,41170285000.0,168138376000.0,47786442000.0,46969502000.0,47746955800.0,22507896000.0,72543054100.0,15216602500.0,50705512612.0,,16759459200.0,,6737007600.0,2662267600.0,3255500800.0,15970648000.0,,4315898100.0,0.0
2016-12-14,264954254000.0,92190961800.0,37508604000.0,100482735000.0,41422095000.0,48922549000.0,37524231150.0,27170762500.0,81023680000.0,16340108000.0,47466031860.0,,27517468200.0,,8401190400.0,2422116000.0,3799066500.0,11492180000.0,,6312274800.0,0.0
2016-12-15,203113489000.0,83395240800.0,40574654000.0,70245775500.0,65995704000.0,64495772000.0,41105046400.0,28260638500.0,47384531200.0,19191249000.0,39536828912.0,,27378977600.0,,8049685000.0,1723291650.0,3925138500.0,10327352800.0,,6601174900.0,0.0
2016-12-16,421272522000.0,97477537600.0,73065496500.0,93484408500.0,80778126000.0,40917769000.0,80039691900.0,48090426000.0,52562482400.0,27547560000.0,69081475869.0,,39525614600.0,,5906726500.0,562864500.0,5156594200.0,7018792000.0,,3352247000.0,0.0
2016-12-19,195145220000.0,90173309100.0,41729256000.0,101361986000.0,38231200000.0,91496586000.0,37032249750.0,22864712500.0,42968191100.0,10905450000.0,90311158245.0,,26435732400.0,,5913636000.0,920613200.0,4852244000.0,17657460000.0,,3124896900.0,0.0
2016-12-20,275974848000.0,50150497950.0,57329828500.0,70989569000.0,51638218000.0,53665117000.0,26341700000.0,20809355000.0,42797538000.0,12420805000.0,70607965365.0,,21096720000.0,,11941885500.0,2768337200.0,8754732200.0,24312875300.0,,4862571200.0,0.0
2016-12-21,236530810000.0,74790450000.0,44511978000.0,74813640000.0,34427126000.0,57213228000.0,28582664000.0,41551735000.0,46260511600.0,27986165500.0,88961501700.0,,13420671000.0,,6478368400.0,415540450.0,6765339900.0,17132570000.0,,3043132400.0,0.0
2016-12-22,229909428000.0,184088996000.0,47475996000.0,76033217000.0,60817321000.0,45220560000.0,24526656000.0,48789711000.0,38821005850.0,25805154000.0,56652503708.0,,19629719700.0,,8690201600.0,690947000.0,5759309550.0,19927770800.0,,4232620200.0,0.0
2016-12-23,297054054000.0,138067711200.0,51539616000.0,77016845500.0,40992000000.0,57698849000.0,21443976450.0,27180868000.0,44700389750.0,12367374000.0,77071770776.0,,16317931700.0,,8305197600.0,1255321050.0,5201653000.0,16624194300.0,,2416868500.0,0.0
2016-12-26,173456656000.0,73187449500.0,29781305500.0,69929728000.0,15808725000.0,38293589000.0,20683665600.0,18779376000.0,51760203750.0,9936768000.0,102854873651.0,,11095321600.0,,5803935000.0,1617256400.0,4956341500.0,19651248000.0,,3582870450.0,0.0
2016-12-27,167431131000.0,53667007350.0,48728868000.0,45984823500.0,24674664000.0,79786635500.0,18380594400.0,20649395000.0,93601957000.0,17486555000.0,148230646704.0,,12593880000.0,,6816152400.0,937574950.0,7338492700.0,16637163300.0,,3911862750.0,0.0
2016-12-28,238265304000.0,58785118900.0,54137527500.0,51128360500.0,44053331000.0,43385247000.0,32490414800.0,50743539000.0,84262826450.0,18256702000.0,173045460000.0,,29360812800.0,,14289536100.0,795244800.0,5107167450.0,7824544000.0,,3473979600.0,0.0
2016-12-29,270892858000.0,80855863200.0,55667318000.0,63291440000.0,43651100000.0,43277976000.0,40534852800.0,39135888000.0,60641564650.0,19773337500.0,53172773400.0,,11101451100.0,,9734466800.0,639648000.0,3563339850.0,6758536200.0,,3857923900.0,0.0
2017-01-02,167886660000.0,70883789800.0,81878100000.0,37496630500.0,23913729000.0,74621591000.0,14729759400.0,33573418500.0,32721084500.0,10514900000.0,46912598600.0,,28062232800.0,,6040178100.0,644808000.0,3098421800.0,6491520000.0,,10321645600.0,0.0
2017-01-03,268407072000.0,125471288250.0,110656638000.0,68758272000.0,39704522000.0,66427480000.0,41807134500.0,41982618500.0,35259890400.0,20120210000.0,40728555400.0,,23960466000.0,,7562637900.0,1156423250.0,4505888250.0,8066893500.0,,5282224400.0,0.0
2017-01-04,288258480000.0,126600853500.0,92681204000.0,62407217500.0,97490790000.0,68627794500.0,36701674250.0,56972748000.0,68611617300.0,19653977000.0,37132665800.0,,25046615100.0,,5479051400.0,1635278700.0,8668585800.0,7302873600.0,,5995333600.0,0.0
2017-01-05,390002522000.0,111607802850.0,60111214000.0,112021222500.0,54360684000.0,39733647500.0,48319359600.0,34059712500.0,35840066250.0,17552888500.0,33199779200.0,,21884598200.0,,16755582600.0,1069131800.0,5167960200.0,10118865600.0,,4565845800.0,0.0
2017-01-06,321490390000.0,152008464000.0,55279741000.0,77244500000.0,40164931000.0,22483384000.0,57078452350.0,27586265000.0,60285323900.0,24893887500.0,29225067300.0,,22304411100.0,,10775646000.0,1187798700.0,11943461250.0,9350540100.0,,5526124550.0,0.0
2017-01-09,491114178000.0,191857550450.0,48934473000.0,74198448000.0,59739952000.0,33019915500.0,33720423200.0,33405625000.0,95415221750.0,16905037500.0,35558320400.0,,14680234400.0,,16733393600.0,1836828000.0,6076994700.0,9682530000.0,,7792939200.0,0.0
2017-01-10,338876552000.0,127457908000.0,62522616000.0,77882173500.0,37518624000.0,51362942500.0,47290717750.0,26435335500.0,116935578500.0,14766999000.0,23636626600.0,,32139075000.0,,15353262100.0,1328267000.0,7282363400.0,8889399600.0,,6189385500.0,0.0
2017-01-11,460054782000.0,224978992800.0,100381990500.0,206309819000.0,38798632000.0,156548000000.0,39538668000.0,35359992000.0,80087356800.0,19618382000.0,24315093600.0,,14747086600.0,,11921113600.0,1093968000.0,4363008000.0,9805857600.0,,4543000000.0,0.0
2017-01-12,452763020000.0,256067473200.0,64212316000.0,116659042500.0,45223978000.0,91632915000.0,44629067700.0,32945436000.0,70378811500.0,20606484000.0,39242037600.0,,16974066200.0,,6876207500.0,667992600.0,17118165000.0,13106269000.0,,3868101500.0,0.0
2017-01-13,597653697000.0,212254481300.0,43688439000.0,83807750000.0,53902490000.0,80212105000.0,37781072300.0,30312334000.0,67501520200.0,12378464000.0,32312809100.0,,41229496000.0,,8018724800.0,844970100.0,11346268650.0,8156738800.0,,5352055150.0,0.0
2017-01-16,608977590000.0,245263753200.0,47620156500.0,53860857500.0,43703348000.0,55301188000.0,66570198450.0,33087210000.0,47398287600.0,25794160000.0,23711397700.0,,23091895800.0,,16412749000.0,958167800.0,13923798000.0,8186420200.0,,5302123500.0,0.0
2017-01-17,301249872000.0,113880781500.0,74856117000.0,65526550000.0,40498890000.0,60959194000.0,56041813100.0,28495320000.0,26584834200.0,24361722000.0,34890046000.0,,40993178000.0,,12136566800.0,1946050900.0,9780471250.0,5975378500.0,,4959735000.0,0.0
2017-01-18,327857276000.0,145284345350.0,60843552000.0,70589324000.0,43478688000.0,82813473000.0,28024882600.0,27116610000.0,54952393600.0,16194832500.0,25851861300.0,,49428715500.0,,12861573200.0,1126824600.0,7588462000.0,6873288300.0,,2294734100.0,0.0
2017-01-19,353020372000.0,115680492800.0,38776872000.0,170732032000.0,54316611000.0,76661052500.0,21293987300.0,33438332000.0,44055824700.0,18335830000.0,24871036500.0,,150656660800.0,,10062387300.0,1795519000.0,5632228800.0,12827530000.0,,3393921300.0,0.0
2017-01-20,341682000000.0,95508034250.0,47464884000.0,71746311000.0,57646475000.0,110775186000.0,26660877600.0,23181504500.0,34955169000.0,7672301500.0,20616369000.0,,69812133300.0,,7484897700.0,3405534850.0,3412709250.0,9742815100.0,,3209008800.0,0.0
2017-01-23,335323824000.0,210751877200.0,63181364000.0,67472438000.0,69905028000.0,53478337500.0,38063902500.0,35709217500.0,53954300400.0,14746928000.0,22858021500.0,,45299608200.0,,9385502000.0,1415320700.0,9209552000.0,9154498800.0,,2947711700.0,0.0
2017-01-24,421620300000.0,177975108000.0,75914249000.0,67270872000.0,81335680000.0,43965184000.0,34180884100.0,37294464000.0,50426993750.0,11830484500.0,32790810000.0,,35089334000.0,,12256272000.0,1230654450.0,5845066950.0,6557224800.0,,1426030650.0,0.0
2017-01-25,529293690000.0,140407325300.0,106424030000.0,74820552500.0,90800815000.0,33992554000.0,60476550700.0,61366315000.0,48250419600.0,16651376000.0,37354800000.0,,45567753000.0,,6445015500.0,2588649800.0,10258046550.0,6152405600.0,,4190777850.0,0.0
2017-01-26,607058550000.0,240762176200.0,90118852500.0,146407512000.0,206637507000.0,87975450000.0,46098068800.0,52915380000.0,45219907750.0,17963660000.0,42007547400.0,,44173929300.0,,6194843200.0,1603999600.0,4821052500.0,14448364200.0,,3503320800.0,0.0
2017-01-31,709972212000.0,221179023000.0,80102713500.0,71002271000.0,96728380000.0,84901100000.0,61203635000.0,197309618000.0,47472853800.0,16748235000.0,29173931400.0,,15696887500.0,,7638714000.0,1158647600.0,4751599800.0,8157454000.0,,3627571200.0,0.0
2017-02-01,553563648000.0,151904484000.0,62293585500.0,85677376000.0,71349111000.0,67875390000.0,44628900200.0,85793855000.0,51946659300.0,20975960000.0,21857500000.0,,25489012500.0,,16324991100.0,2134680000.0,6345985400.0,12942433200.0,,4209427800.0,0.0
2017-02-02,591553248000.0,184068192000.0,83059416000.0,56496607500.0,93450600000.0,86039005500.0,52369194700.0,67998391000.0,63144382500.0,19869010000.0,28989700800.0,,29946717000.0,,14694783000.0,6295761900.0,6809116500.0,11661672000.0,,11290446900.0,0.0
2017-02-03,409845371000.0,199689840300.0,62294512500.0,108063544500.0,110228436000.0,52966528000.0,38682971100.0,34134542500.0,50900619800.0,17024040000.0,28805801500.0,,23071589800.0,,16158829800.0,1666428000.0,8988096000.0,18990556600.0,,52652228600.0,0.0
2017-02-06,350529292000.0,101869007400.0,40116121500.0,51092475000.0,98955591000.0,56131867500.0,38114556900.0,30504575000.0,97951864800.0,14643932000.0,16380257400.0,,17932557200.0,,17535735000.0,1863544550.0,4874392100.0,13086612500.0,,22824100100.0,0.0
2017-02-07,545102676000.0,128233990300.0,54975612000.0,61278736000.0,108088800000.0,45231186000.0,33589358600.0,27432710000.0,64487885000.0,11504130000.0,24995857500.0,,38201812200.0,,9460145500.0,2360890800.0,3783504850.0,40398598800.0,,23119032750.0,0.0
2017-02-08,656369280000.0,193953396000.0,57733094000.0,47911700000.0,61726185000.0,43850214000.0,50253162750.0,60728206000.0,74475746800.0,18737799000.0,21561825600.0,,62322460000.0,,7684170800.0,1455462200.0,3374079000.0,21767040000.0,,13573982400.0,0.0
2017-02-09,525855360000.0,345040918200.0,71905540000.0,67177516500.0,80292101000.0,45087808000.0,36591310000.0,41668449500.0,54081548850.0,18131169000.0,16526442400.0,,95503473900.0,,16684965900.0,1420383600.0,6932996400.0,17348185000.0,,25926968700.0,0.0
2017-02-10,422755970000.0,456043900000.0,46530000000.0,69297617000.0,53653755000.0,104405831000.0,55809559200.0,37810972000.0,56053020800.0,17506860000.0,27376463200.0,,33888940200.0,,10461508800.0,1211226250.0,19990545300.0,21514928700.0,,14716323900.0,0.0
2017-02-13,421433818000.0,209101503000.0,44779081500.0,84400817500.0,47207100000.0,53381146000.0,40883752350.0,35866800000.0,38681970800.0,11838420000.0,16530116800.0,,22220284800.0,,5366584200.0,5773734400.0,7392921250.0,10839427500.0,,8618383200.0,0.0
2017-02-14,493205557000.0,416373389100.0,41317640000.0,118122007500.0,92328390000.0,67297427000.0,38102016000.0,48261296000.0,63539591550.0,18431439000.0,22371802500.0,,24007655200.0,,9124045000.0,3812432000.0,14399724750.0,9782002800.0,,9075415500.0,0.0
2017-02-15,535305266000.0,417938085900.0,99289054500.0,75771144000.0,51354255000.0,64835466000.0,40761051000.0,74084658000.0,46651358000.0,10247667000.0,23895840500.0,,28024932000.0,,10906464000.0,3096405000.0,14827017450.0,13870062500.0,,9159732900.0,0.0
2017-02-16,388805827000.0,240109532800.0,149195014500.0,64225360000.0,57358917000.0,88552475000.0,42936901800.0,71276288000.0,57822101950.0,25829455000.0,24004759500.0,,19980415200.0,,17568495000.0,1136825400.0,7024323750.0,8234991600.0,,7082687250.0,0.0
2017-02-17,582190257000.0,248368024800.0,72878722000.0,93206115000.0,81385980000.0,45099201000.0,34655291000.0,59910765000.0,54184232200.0,25641718000.0,28541381200.0,,41179803600.0,,15293000000.0,2279710300.0,7571495250.0,17501666000.0,,5515195950.0,0.0
2017-02-20,289401028000.0,113037272400.0,35987400000.0,55544642000.0,58607802000.0,55330152000.0,37552953550.0,38943027000.0,154027561800.0,21640815000.0,16205313600.0,,24541888500.0,,7511994000.0,1735441200.0,12182824000.0,7283935600.0,,7730544100.0,0.0
2017-02-21,411307644000.0,113390337200.0,49051595000.0,105017462000.0,91303460000.0,51724958000.0,36068244150.0,36204740000.0,83052264000.0,31796334000.0,22759037000.0,,21877646000.0,,18791304000.0,2503243000.0,7571955050.0,8304940300.0,,6206776800.0,0.0
2017-02-22,335600385000.0,135528507400.0,63384711000.0,103167304500.0,85575484000.0,71054210500.0,27971192000.0,48073672500.0,70038950400.0,13919390000.0,61319576400.0,,16490031600.0,,15113168000.0,981962900.0,10544998200.0,11211003000.0,,31099977000.0,0.0
2017-02-23,400313814000.0,169381777800.0,115387596000.0,62382296000.0,78339640000.0,87795760000.0,41753407800.0,85989594000.0,51828132900.0,24299892000.0,32477361000.0,,18770153400.0,,10511401600.0,1858140250.0,18777477500.0,9295612300.0,,9925768300.0,0.0
2017-02-24,355325607000.0,366117982500.0,36738928000.0,134332240000.0,61969919000.0,77771246000.0,56574108000.0,40526893500.0,69747502500.0,26760018000.0,29858053500.0,,30571568000.0,,22378962900.0,2195076900.0,10739712000.0,19923445800.0,,9707476800.0,0.0
2017-02-27,343822622000.0,349816154000.0,27294448500.0,73384920000.0,26980420000.0,56847475000.0,51665614000.0,26210541000.0,82434851100.0,15756741500.0,31527016500.0,,54879124200.0,,15821595000.0,5585193000.0,10385624700.0,10097721000.0,,6846291100.0,0.0
2017-02-28,580009628000.0,260966838500.0,71305520000.0,98149117500.0,75580848000.0,60250983000.0,56823336500.0,49986120000.0,70882438400.0,35041323000.0,23522219000.0,,28827569100.0,,14596060600.0,1598776400.0,10916851500.0,4067448000.0,,4785530400.0,0.0
2017-03-02,844042056000.0,338339486700.0,98043709500.0,149302219000.0,123034030000.0,118287850000.0,95870465150.0,88828803000.0,79986292000.0,47573041500.0,29747934000.0,,47707875800.0,,7049683600.0,1229719250.0,5525259900.0,6811106400.0,,11377421250.0,0.0
2017-03-03,503518694000.0,185434207200.0,109947902000.0,75105925000.0,79526318000.0,107703978000.0,56576071200.0,75828585000.0,50116722900.0,12761064000.0,22738635000.0,,32805136400.0,,8710486400.0,3051006700.0,51670962800.0,4410654600.0,,6127430800.0,0.0
2017-03-06,490372788000.0,249018619500.0,82384360000.0,58222762000.0,46396000000.0,114519564500.0,57733400000.0,48371001000.0,48647582500.0,19299546000.0,19048311300.0,,26807421200.0,,7417187200.0,1683684450.0,25095765000.0,13332560800.0,,5287890500.0,0.0
2017-03-07,424240650000.0,167867510400.0,52018128000.0,47200608000.0,38604484000.0,42573515000.0,37260890100.0,35181628000.0,47987670250.0,11194956000.0,18244971200.0,,26294444000.0,,8621410000.0,2615608050.0,12094178850.0,9889680000.0,,3740762900.0,0.0
2017-03-08,488066190000.0,178956624000.0,62210718000.0,99899200000.0,45102400000.0,80932761000.0,66532802100.0,38557200500.0,75852641250.0,13020651000.0,24359982400.0,,22205417000.0,,12333105300.0,1769822850.0,10913793400.0,4091877300.0,,3223794900.0,0.0
2017-03-09,577764450000.0,141953856000.0,74871620000.0,88137192000.0,59794365000.0,74093096000.0,61065417000.0,62321146500.0,53827616500.0,20178720000.0,29066691200.0,,20787824000.0,,11843700000.0,1378678800.0,15855749300.0,4191780400.0,,4603795700.0,0.0
2017-03-10,410953004000.0,189415670400.0,61143048000.0,75252813000.0,39125600000.0,98444300500.0,40630065000.0,38288968000.0,47710166400.0,13266145000.0,49406259000.0,,36796399200.0,,6373210300.0,1315048500.0,21890074500.0,5359254300.0,,4259108500.0,0.0
2017-03-13,301418460000.0,252351162000.0,50520818000.0,76899584000.0,68941264000.0,45697720000.0,101875667400.0,31648432500.0,91853679200.0,18079394000.0,26018479500.0,,30128440800.0,,6996993000.0,2309784750.0,10373614300.0,6896003900.0,,3234004200.0,0.0
2017-03-14,468404068000.0,202414141400.0,60044616000.0,76198360000.0,77006905000.0,73837246000.0,97136329200.0,56008296000.0,71617904550.0,62057268000.0,33073040000.0,,22327794300.0,,6680077300.0,2369305400.0,9669260750.0,10716020800.0,,9233542500.0,0.0
2017-03-15,396936990000.0,228812805600.0,62187814000.0,66091342500.0,33445340000.0,49287804000.0,50926914400.0,43141477500.0,74157033600.0,31639373500.0,108075864600.0,,23854918500.0,,8278200000.0,3093288450.0,23803768800.0,10909287600.0,,4678754400.0,0.0
2017-03-16,415602996000.0,170001936850.0,77493916500.0,145548865000.0,43664985000.0,61917234000.0,85624506000.0,41192020000.0,86950370700.0,21907074000.0,47469159000.0,,21915250500.0,,5266634000.0,3629406350.0,8651278100.0,7891353800.0,,4142025600.0,0.0
2017-03-17,534337520000.0,378593561500.0,58307956500.0,80892416000.0,48850063000.0,57908207500.0,53237411100.0,43034050000.0,216900593600.0,25643160000.0,108399029100.0,,16906411200.0,,4729944000.0,2215460200.0,10737606200.0,13044906000.0,,7115177700.0,0.0
2017-03-20,429477095000.0,187039678000.0,117985037000.0,71796289000.0,48501674000.0,53297107000.0,88901634600.0,32610744000.0,164321834400.0,11741915500.0,139422210000.0,,30688505400.0,,12324601800.0,8554721000.0,7482399900.0,6471441200.0,,4556887500.0,0.0
2017-03-21,605209584000.0,176924800800.0,357024990000.0,74472396000.0,130819845000.0,155363225000.0,68381042400.0,132020772000.0,137414547900.0,19354616000.0,74727698600.0,,60878598400.0,,6404326200.0,2711304800.0,5213074300.0,8178908800.0,,15973136400.0,0.0
2017-03-22,697501035000.0,202263639900.0,186160370000.0,149759230500.0,67250988000.0,85785231000.0,103481264600.0,77830154500.0,180139838400.0,18869667000.0,83045618000.0,,47228590600.0,,5098716500.0,4411362000.0,11951182400.0,38981618400.0,,6248386300.0,0.0
2017-03-23,643598780000.0,119861666250.0,129788835000.0,76624485000.0,69173568000.0,102130098000.0,68027631400.0,66850443000.0,186823455000.0,13109062500.0,94349285400.0,,54889255300.0,,7512334500.0,2523784800.0,8041762500.0,36461049600.0,,8281029000.0,0.0
2017-03-24,531538225000.0,256143789000.0,101576516000.0,91711442500.0,48645392000.0,66545928000.0,40927558000.0,71125065000.0,144066456300.0,19158711000.0,77805503800.0,,34275887800.0,,13256696700.0,1353741200.0,11729866500.0,18100216000.0,,9932911200.0,0.0
2017-03-27,501719180000.0,284276522400.0,90164178000.0,136462590000.0,53506215000.0,76534052500.0,68811316800.0,68003793000.0,88882153750.0,16314733500.0,68355560000.0,,37594967400.0,,6539493400.0,2163700800.0,5757682500.0,22013920000.0,,7246131000.0,0.0
2017-03-28,340810050000.0,145414644400.0,84541440000.0,86887190000.0,70351175000.0,77432647500.0,38221323400.0,44884530000.0,83606076000.0,26215272000.0,34029025200.0,,30900787200.0,,10996338000.0,3065004150.0,24287054800.0,16436756000.0,,5762240900.0,0.0
2017-03-29,421695985000.0,213114410100.0,92712360000.0,154638948000.0,50730624000.0,110851838500.0,48382640800.0,97439444000.0,78771976500.0,16985376000.0,28967098600.0,,33814703000.0,,18796417200.0,5844364250.0,5862473550.0,13216032000.0,,16720165000.0,0.0
2017-03-30,344403920000.0,112195968700.0,85895588000.0,75833964000.0,49141575000.0,48204882000.0,35557267200.0,41484550000.0,65054392200.0,17173877500.0,32313222900.0,,20215066000.0,,19377064000.0,3233434100.0,4898451250.0,3898510400.0,,6745371000.0,0.0
2017-03-31,432612360000.0,135450898000.0,81652252500.0,159526782000.0,42772230000.0,73634064000.0,62195112000.0,64402533000.0,65017690750.0,13146511000.0,23401763100.0,,15945830000.0,,13852034000.0,4363421700.0,8159332800.0,5884937500.0,,5774503200.0,0.0
2017-04-03,396970336000.0,122346005600.0,89027059500.0,92153477500.0,47913732000.0,60528233000.0,29809050000.0,50262188500.0,43268577400.0,11316707000.0,41083543000.0,,20300444800.0,,6243142500.0,4715164300.0,27688417200.0,10451775000.0,,8369147250.0,0.0
2017-04-04,515711440000.0,111837084000.0,105377800000.0,97481175000.0,50654900000.0,103059827000.0,31561152350.0,62695045500.0,67355219200.0,12085593000.0,42985509000.0,,14849437400.0,,11882913900.0,1835091500.0,8747517000.0,9866835000.0,,6193295100.0,0.0
2017-04-05,450885358000.0,138760497400.0,110704500000.0,79383360000.0,84025182000.0,81623619000.0,61799976000.0,81193324000.0,45999179300.0,23541870000.0,25067751600.0,,22063262800.0,,11194586400.0,3946127250.0,16684831000.0,7734809100.0,,16243543650.0,0.0
2017-04-06,405153456000.0,147796155000.0,80464936000.0,83281926000.0,60566520000.0,53071648000.0,49727083000.0,69880160000.0,43848422750.0,20277890500.0,20079469200.0,,14862385600.0,,7360311000.0,3395835000.0,7855781000.0,10445026400.0,,6473969550.0,0.0
2017-04-07,416873600000.0,131744704800.0,117734698500.0,53417808000.0,47751588000.0,41037987000.0,48453762600.0,47719616000.0,72072341500.0,9946795000.0,18118028800.0,,48411446300.0,,8691076000.0,2227069350.0,5280432300.0,6651519800.0,,5074362250.0,0.0
2017-04-10,299508219000.0,89419855000.0,54366458000.0,53533715000.0,58410108000.0,34723170000.0,43806875000.0,32172906000.0,61650250200.0,16712917500.0,35884417600.0,,29560952000.0,,11199522600.0,4945597800.0,14953206450.0,6366956400.0,,12286560500.0,0.0
2017-04-11,298392640000.0,116464603950.0,65665852500.0,55938774000.0,202560820000.0,45769465500.0,46571685000.0,63654512500.0,72726909700.0,9146637500.0,29418909000.0,,22122489600.0,,20935239300.0,4261168600.0,8365454300.0,4869422000.0,,5033870100.0,0.0
2017-04-12,346718310000.0,83038487000.0,66154504500.0,63913395000.0,157784832000.0,34554024000.0,64514926000.0,36071448000.0,73694253600.0,14963570000.0,21190258600.0,,35737902000.0,,13591227000.0,3040332300.0,6012104000.0,6909412000.0,,4134502000.0,0.0
2017-04-13,383510736000.0,117766110500.0,76552710000.0,140211765000.0,138778080000.0,80834932000.0,51986369000.0,65297970000.0,83782022600.0,25796376000.0,24045593600.0,,56254044000.0,,54462287000.0,2013554800.0,10767048950.0,7341379000.0,,4761727100.0,0.0
2017-04-14,229548957000.0,141687374400.0,33556042500.0,37146901500.0,47053943000.0,30187314000.0,18112181500.0,17740542000.0,28103067200.0,9005256000.0,24864820000.0,,33061344600.0,,10175913000.0,1595543400.0,3561187100.0,2248152000.0,,4238526800.0,0.0
2017-04-17,217140610000.0,98503320000.0,51092208000.0,33348480000.0,43632655000.0,37068071500.0,110486426400.0,33687108000.0,32470198300.0,25518900000.0,27042015000.0,,22717928500.0,,27103149000.0,2506279050.0,19147051300.0,3679617600.0,,6811448350.0,0.0
2017-04-18,284716975000.0,95357912000.0,72221892000.0,71589375000.0,42184716000.0,27772776000.0,39169886750.0,40064517000.0,51990674100.0,12879680000.0,37267329600.0,,22748940000.0,,19619741400.0,4152645300.0,12744945000.0,5891690000.0,,4038489900.0,0.0
2017-04-19,481102610000.0,79120524200.0,140915734000.0,85768077500.0,64362018000.0,68880120000.0,48580116300.0,77583180000.0,59462611200.0,22030317000.0,26913216400.0,,18119681400.0,,25529739200.0,2120253500.0,12412850450.0,13738140000.0,,6026770500.0,0.0
2017-04-20,851875678000.0,183666592000.0,118531437000.0,64023122000.0,78244412000.0,96653691000.0,44493250000.0,52336116000.0,49369946250.0,19050755500.0,19653235200.0,,19772088000.0,,25842000000.0,2256451600.0,13882633500.0,15119640000.0,,18025585600.0,0.0
2017-04-21,616719180000.0,199391608000.0,73605328500.0,71584830000.0,69847269000.0,45088120000.0,65276530000.0,36656921000.0,45949951350.0,25377598000.0,25354975800.0,,49369160000.0,,16861127100.0,1717859000.0,15569868600.0,11493978600.0,,7153009600.0,0.0
2017-04-24,370753786000.0,165507758000.0,67169767000.0,64203680000.0,70361460000.0,49057568000.0,43272806400.0,38079959500.0,30579625500.0,19048700000.0,41980091300.0,,33230188400.0,,15068781200.0,2841105750.0,10488542400.0,8565030000.0,,11672706000.0,0.0
2017-04-25,824092920000.0,278397584400.0,96849535500.0,57339776000.0,123351065000.0,49235602000.0,69712240000.0,85380818000.0,40055050700.0,33891588000.0,28229928300.0,,36756022500.0,,13801507200.0,3074241200.0,10412874200.0,12018003200.0,,29457562250.0,0.0
2017-04-26,633217440000.0,301203675900.0,194529827000.0,68924515000.0,130011735000.0,72332923000.0,39398819600.0,69114080000.0,44909955900.0,28370088000.0,39335064600.0,,35613419100.0,,8435221000.0,2410197300.0,8832892500.0,8684269800.0,,52607654400.0,0.0
2017-04-27,1009733840000.0,147076416800.0,109939977000.0,41832102000.0,133784994000.0,48227468000.0,38683875300.0,60168166000.0,96611057950.0,35740540000.0,24272978400.0,,29237898000.0,,16807956100.0,1930565700.0,5587228800.0,17883014400.0,,30129709950.0,0.0
2017-04-28,1012235934000.0,192962898000.0,98818848000.0,68665912500.0,90058400000.0,57851264000.0,50586921900.0,38602914000.0,56167018050.0,39171544500.0,23308185600.0,,28808293500.0,,17300417400.0,1896422400.0,8417530800.0,6691028400.0,,20554829600.0,0.0
2017-05-02,631666670000.0,240865073000.0,133404876000.0,88795850000.0,87102342000.0,65435150000.0,55149859800.0,68372560000.0,53953598250.0,22566089000.0,20097179000.0,,43975305100.0,,14565981600.0,3230942400.0,5058423400.0,10816526000.0,,25164300900.0,0.0
2017-05-04,623173352000.0,155426484200.0,85018920000.0,83589688500.0,72573786000.0,44276748000.0,52683845700.0,38583824500.0,43851125150.0,22663912500.0,30950431200.0,,28831647700.0,,13831241600.0,2999697800.0,12627341100.0,4797639000.0,,16205983200.0,0.0
2017-05-08,920771501000.0,217288069900.0,119208156000.0,119956939500.0,113137895000.0,87930080000.0,105176131500.0,195560528500.0,101429870800.0,41640329500.0,114051225600.0,,27396760000.0,,12074606700.0,2183346900.0,14552817300.0,7271569400.0,,15415744000.0,0.0
2017-05-10,1067539320000.0,265037972000.0,141315274500.0,94332870000.0,116246624000.0,98019742000.0,112716266000.0,122148279500.0,257766147450.0,62194560000.0,95485592000.0,,38863040400.0,,18847142400.0,2170554450.0,12647282550.0,11385454000.0,,15632300000.0,0.0
2017-05-11,968142175000.0,197929765200.0,107678970000.0,81938237000.0,151461668000.0,90881787500.0,88208481900.0,79807250000.0,129948362250.0,45407739000.0,70383433800.0,,57294610500.0,,10511589600.0,4817505000.0,17022176550.0,15855868000.0,,10245773700.0,0.0
2017-05-12,431757278000.0,127369393200.0,84741290000.0,65643615000.0,64954256000.0,57990475000.0,46484552500.0,45251141000.0,59131659500.0,40126844000.0,37216445500.0,,53771313600.0,,11882953600.0,4171872800.0,12720928750.0,4886638000.0,,16936079250.0,0.0
2017-05-15,368864540000.0,85755549600.0,49406434000.0,57652269000.0,39874314000.0,41590620000.0,35283654000.0,38976106000.0,43852492800.0,79063047000.0,27932121700.0,,29637531900.0,,6563542400.0,2267632500.0,25971613400.0,6989946100.0,,11227122300.0,0.0
2017-05-16,408317925000.0,140796399100.0,75564877500.0,61198137000.0,46108923000.0,49343821500.0,35081100000.0,70153661500.0,144122497100.0,41018040000.0,31768059700.0,,29072925000.0,,34476108000.0,2423428300.0,16503723000.0,6820570000.0,,13802238900.0,0.0
2017-05-17,344049013000.0,135954935500.0,54549201500.0,68631530500.0,61022208000.0,43285008000.0,44933109600.0,59697565000.0,152073848250.0,30974272000.0,24455896200.0,,29755103400.0,,24530451400.0,4226429400.0,51670689950.0,5778425000.0,,9138412900.0,0.0
2017-05-18,512706479000.0,194671332900.0,210227490000.0,63900900000.0,48615176000.0,56538421500.0,63038337900.0,142211940000.0,63841470000.0,28551090000.0,30341226000.0,,20763464400.0,,21141084100.0,4995280300.0,36867917200.0,4492642700.0,,8710456700.0,0.0
2017-05-19,704892292000.0,155020672000.0,321252740000.0,65861827500.0,104130624000.0,42896994000.0,62259702800.0,161491785000.0,67951351000.0,27514158000.0,21359862000.0,,16224000000.0,,11524250400.0,3448881900.0,25206319400.0,6197852100.0,,8287289250.0,0.0
2017-05-22,795724105000.0,142474080000.0,115502420000.0,178924425000.0,59407733000.0,87764026000.0,55226965200.0,101049214500.0,70301112000.0,25759990000.0,22662107700.0,,44986032000.0,,9098400000.0,4121663600.0,17694738600.0,5372100000.0,,8485232000.0,0.0
2017-05-23,566308686000.0,132820864200.0,110398850000.0,91058070000.0,62809832000.0,69583351500.0,82267677800.0,114854040000.0,72396502800.0,37891680000.0,26675737000.0,,14787507700.0,,16591005600.0,2474384250.0,24549775650.0,7536958000.0,,10990261400.0,0.0
2017-05-24,389351952000.0,129732321600.0,143718284000.0,57779960000.0,78050868000.0,32861350000.0,40118439200.0,123834822000.0,54467678400.0,31204116000.0,37894645000.0,,12099503600.0,,24411324600.0,2708347250.0,13404539250.0,20200009800.0,,19903614950.0,0.0
2017-05-25,595886464000.0,111384333000.0,103533540000.0,66849500000.0,56919564000.0,88295024000.0,47188625600.0,69401505000.0,68127837000.0,38700825000.0,30193657200.0,,17504748000.0,,16689745000.0,5636777900.0,26576753000.0,20136132000.0,,10024448250.0,0.0
2017-05-26,627316992000.0,179621582700.0,79766418000.0,84351692000.0,52717590000.0,163907173500.0,79716932000.0,86988285500.0,66016924050.0,36807375000.0,38437270200.0,,20098884000.0,,16843498000.0,2806813350.0,22430208000.0,9323260500.0,,41037384500.0,0.0
2017-05-29,398698271000.0,190763130000.0,65631060000.0,48257653500.0,38866680000.0,124076693000.0,49996926000.0,60684198000.0,49286512100.0,23598997500.0,30614126400.0,,25182067300.0,,13106918000.0,2506923300.0,23150280000.0,29382597600.0,,16804661500.0,0.0
2017-05-30,555035904000.0,135936115000.0,64547776000.0,36297613000.0,57221172000.0,79803098500.0,38881914600.0,37098744000.0,44402553000.0,25208334000.0,56150583400.0,,23816194000.0,,18682647200.0,2535244750.0,14134950000.0,17602779600.0,,8964532800.0,0.0
2017-05-31,834508770000.0,188935563000.0,92597692000.0,76694412000.0,80721160000.0,79567940000.0,86508416800.0,103558693500.0,93573377800.0,37982016000.0,60046360000.0,,24072507600.0,,216707778000.0,2118858800.0,12073492200.0,10007365600.0,,10988344800.0,0.0
2017-06-01,435786380000.0,113172860400.0,72692399500.0,113560101000.0,46400094000.0,59484354000.0,53612707800.0,50120889000.0,171280736000.0,24381891000.0,40964000000.0,,11340972000.0,,17979335500.0,1215220050.0,12144967200.0,6716766000.0,,7464784000.0,0.0
2017-06-02,573982950000.0,141677376500.0,93092560000.0,116399556000.0,59304960000.0,124930890000.0,57990417100.0,64663295500.0,111177600600.0,27873527500.0,45813753000.0,,15211608200.0,,19515012300.0,2710938550.0,17142924300.0,5919852000.0,,16862480000.0,0.0
2017-06-05,349116436000.0,141656875800.0,59922475500.0,55749375000.0,91408848000.0,85237223500.0,94581190000.0,43832601000.0,52660380000.0,32499511000.0,73479682800.0,,14318757800.0,,10545790000.0,1596089200.0,14461498800.0,5530231200.0,,8409768200.0,0.0
2017-06-07,621941820000.0,171761695000.0,118672035000.0,77682937500.0,73678608000.0,84622359500.0,72786237400.0,112759620000.0,71423043000.0,39575400000.0,89283682800.0,,13396825500.0,,16019136000.0,1562544000.0,15944626900.0,9288181200.0,,14622874200.0,0.0
2017-06-08,631280350000.0,223585733700.0,87717280000.0,111640140000.0,93499840000.0,113171919000.0,122381199300.0,103234614500.0,80125594800.0,83918086000.0,96855658700.0,,57211515000.0,,26646270000.0,3662643500.0,33429612400.0,7232845000.0,,10743428800.0,0.0
2017-06-09,540884385000.0,279814348000.0,55007200000.0,73252850000.0,176123520000.0,108787770000.0,65249498600.0,64059784000.0,72850409550.0,36784012000.0,113149927800.0,,22844306100.0,,11556152600.0,7666554300.0,14009930200.0,7184585800.0,,7099190500.0,0.0
2017-06-12,497106134000.0,152398230000.0,63432037500.0,63179114000.0,177552785000.0,55465594500.0,49010388600.0,48484839000.0,77491744000.0,28971453500.0,50820900000.0,,18232606500.0,,11788249400.0,4618862750.0,9874122500.0,14682240000.0,,10986370000.0,0.0
2017-06-13,391570460000.0,201790486800.0,90232691500.0,50811211000.0,100796690000.0,78800085000.0,31264825200.0,45957298500.0,42422562000.0,39736818000.0,52330417200.0,,17624707600.0,,14876013600.0,3677305600.0,8536010800.0,7564324800.0,,4977498200.0,0.0
2017-06-14,461161512000.0,263404907200.0,107939117000.0,63823825000.0,117613834000.0,188197502000.0,59159972600.0,64684550000.0,102539450100.0,25109760000.0,103689117200.0,,38265300200.0,,23500008000.0,2740581900.0,12639085200.0,7027908000.0,,5092010000.0,0.0
2017-06-15,441131760000.0,275683519800.0,109025158000.0,83638368000.0,68033490000.0,99961109500.0,39232253700.0,41160696500.0,48109291200.0,28939972000.0,61267179600.0,,12930658100.0,,23180605000.0,2657774900.0,7324714800.0,6375885200.0,,7022627200.0,0.0
2017-06-16,793249251000.0,237898281500.0,51245865000.0,44000977500.0,86314380000.0,80489896000.0,52066825500.0,41639212000.0,44253461000.0,53472102000.0,65499878500.0,,18582152000.0,,15782620800.0,5506551600.0,5319604950.0,9059490000.0,,5811131200.0,0.0
2017-06-19,526309584000.0,333816100400.0,56088286000.0,43488055500.0,55781096000.0,44040150000.0,31699672800.0,38114613000.0,87883743100.0,22232394000.0,137852396500.0,,13282473400.0,,14058716100.0,3106572000.0,12853332100.0,15919275000.0,,6379122750.0,0.0
2017-06-20,724266300000.0,417246144000.0,62192745000.0,52738768000.0,72685978000.0,45602137500.0,34816961000.0,43706962000.0,94061165600.0,25744475000.0,283953889800.0,,16994092500.0,,14753800000.0,2266152800.0,7562215750.0,10380958400.0,,13579744500.0,0.0
2017-06-21,473548902000.0,366163351200.0,89441193000.0,66851193000.0,86022640000.0,78715000000.0,68176445600.0,61719049500.0,56510837750.0,42077856000.0,169165462600.0,,12294219000.0,,19343508800.0,2868555500.0,6561909200.0,11650060800.0,,7671346800.0,0.0
2017-06-22,549420168000.0,323515335000.0,64806558500.0,68803744000.0,52206000000.0,95129307000.0,49038495000.0,42750858000.0,35275758400.0,27733975500.0,102886391400.0,,13520002100.0,,14610991500.0,2264430000.0,5599188000.0,7435885600.0,,11718355200.0,0.0
2017-06-23,453109062000.0,207323350000.0,47909320000.0,66793212500.0,54657827000.0,63039060000.0,54189950400.0,35493242000.0,43407733600.0,27061044500.0,64156351600.0,,20832552000.0,,14847264000.0,1019944600.0,7651089600.0,12593998900.0,,8964116600.0,0.0
2017-06-26,412929184000.0,237372525000.0,34653364000.0,38233930000.0,52345824000.0,38251630000.0,26559796500.0,25472583500.0,18377315700.0,25561438000.0,104730090000.0,,9547746000.0,,18732300800.0,2927694000.0,11071940100.0,9099515700.0,,78504122600.0,0.0
2017-06-27,464489025000.0,342632797200.0,72073488000.0,52253850000.0,596434674000.0,63889514000.0,38566206900.0,33937819500.0,60618209100.0,43330544000.0,126866557900.0,,9420914400.0,,19700474500.0,3033308250.0,13717703300.0,15593391000.0,,47408975150.0,0.0
2017-06-28,456608250000.0,370982841600.0,55611040000.0,176770404000.0,87228771000.0,41515122000.0,117751900400.0,29660702500.0,76348468800.0,21476356000.0,52187376000.0,,8019866800.0,,16620026400.0,2770216950.0,3912648750.0,9745503300.0,,41915712000.0,0.0
2017-06-29,398216007000.0,253621318500.0,64441055000.0,69141114000.0,61574658000.0,61966962000.0,69622238600.0,34132515000.0,36984446200.0,29367381000.0,75343487700.0,,9229795200.0,,15359019500.0,2557278800.0,18495883400.0,9915374000.0,,17826700500.0,0.0
2017-06-30,564658727000.0,217721006800.0,54290450500.0,98889581000.0,93838402000.0,96068121000.0,53347689000.0,85514500000.0,35694777600.0,31113576000.0,95364148300.0,,12468796800.0,,16772560000.0,6347378500.0,10964375800.0,6661314000.0,,22822628950.0,0.0
2017-07-03,321358071000.0,249518259900.0,64129278000.0,138051445000.0,54138380000.0,105603219000.0,47783549000.0,37804591000.0,38261296700.0,17653077000.0,62137845000.0,,10455513900.0,,16171948800.0,3327103500.0,4869014400.0,21715755100.0,,21413533800.0,0.0
2017-07-04,374167000000.0,190542455600.0,71099771500.0,67308591000.0,37737840000.0,56624530000.0,48760947000.0,31970313000.0,57687716100.0,26466456000.0,60910566100.0,,6890726400.0,,7197420000.0,5326228800.0,5981375100.0,13039173300.0,,16966783400.0,0.0
2017-07-05,506263095000.0,309907008000.0,83203068000.0,67921857000.0,54375200000.0,51451419000.0,46545592200.0,78194648000.0,68374740000.0,21944578000.0,98384071500.0,,8248602400.0,,7816313800.0,1757081700.0,10131807300.0,8461810500.0,,15394846400.0,0.0
2017-07-06,524961783000.0,275731588200.0,59104150500.0,50397480000.0,89294700000.0,32810600000.0,43567447000.0,35445543000.0,46441646700.0,25130777000.0,56796251200.0,,10676212200.0,,8308047000.0,2180068800.0,5599485750.0,9208752500.0,,10427324600.0,0.0
2017-07-07,389192734000.0,215931385800.0,129887161500.0,74104784000.0,78058862000.0,43803730000.0,542530491300.0,54152390000.0,54855685000.0,44782540000.0,44690964000.0,,14611079800.0,,17992012500.0,3404403000.0,9076752000.0,10705978300.0,,11834148600.0,0.0
2017-07-10,525175215000.0,179492330400.0,119213112000.0,86205900000.0,76684599000.0,42705624500.0,67168676400.0,52501365000.0,47991708600.0,68840886000.0,33448904000.0,,13647776000.0,,11707878000.0,5417473400.0,20266775850.0,9222562500.0,,11988458400.0,0.0
2017-07-11,476172200000.0,219925908000.0,87646192000.0,107779364000.0,68652620000.0,90911548000.0,58463760000.0,29677536500.0,51700655000.0,29863782000.0,41085562500.0,,24989040000.0,,9758743200.0,19810032000.0,12262690750.0,13321677600.0,,8799107200.0,0.0
2017-07-12,473169162000.0,238542135000.0,88328839000.0,68925888000.0,58218752000.0,75090041000.0,60079562400.0,46203409500.0,32171782200.0,471234105000.0,97028350000.0,,11408101600.0,,5877165000.0,33727537350.0,8585033850.0,12804217300.0,,9829944000.0,0.0
2017-07-13,810686624000.0,383521227200.0,90766330000.0,129974040000.0,76263720000.0,281519840000.0,64048220400.0,43369165000.0,37580708000.0,77478296000.0,88823559000.0,,17889552000.0,,7370612600.0,22822392600.0,6598183450.0,18869424000.0,,20337015000.0,173909100.0
2017-07-14,415904720000.0,208453255200.0,119549738000.0,61825680000.0,82777418000.0,127175139000.0,58692791100.0,28268674500.0,36616435050.0,33220163000.0,73747661100.0,,19477920000.0,,6451186000.0,12319530600.0,7568279800.0,11143055000.0,,17840746250.0,217550340.0
2017-07-17,454549704000.0,199687377600.0,75744543000.0,75063032500.0,71274728000.0,90287185500.0,40300023400.0,25249649500.0,33331021600.0,49651194000.0,63949508100.0,,13228695000.0,,9618010000.0,20044843000.0,5967298050.0,7383936000.0,,13719233750.0,842148350.0
2017-07-18,360173438000.0,146286535200.0,78608276000.0,59408316000.0,52532360000.0,102387135000.0,55878957400.0,24221226000.0,35009934900.0,59392165000.0,46132313500.0,,21307690600.0,,17606316000.0,12922359250.0,3986995800.0,9008584000.0,,13724135500.0,7787018300.0
2017-07-19,566131550000.0,142695729000.0,71311333500.0,60511372500.0,57980730000.0,95772950000.0,71333432800.0,43149892500.0,31794957100.0,47638125000.0,85810396300.0,,14602354500.0,,12139512500.0,12005595000.0,6518146250.0,7462733100.0,,51587448250.0,35481529200.0
2017-07-20,428421120000.0,117442008900.0,71385136000.0,114013455000.0,53137730000.0,137231004000.0,43650117000.0,33766452000.0,123966507750.0,41267914000.0,117512215200.0,,10506671700.0,,20605816000.0,21664135350.0,5129695500.0,8715330400.0,,26291190900.0,13742273500.0
2017-07-21,431577474000.0,113856703200.0,44695302500.0,127746287500.0,51010361000.0,130518577000.0,160289415000.0,46573514500.0,160126011500.0,80704296500.0,51839531500.0,,16734112200.0,,13303686000.0,23830261600.0,4221496950.0,19205094000.0,,10355070000.0,20012640000.0
2017-07-24,361093285000.0,262666629000.0,80970755000.0,65032408000.0,57111313000.0,115866785000.0,75626009200.0,28661460000.0,84458553300.0,29324288000.0,44822260200.0,,15614849600.0,,9535113000.0,26375389750.0,5260671800.0,12383319000.0,,16141195350.0,14216892600.0
2017-07-25,540530000000.0,424401824000.0,112292688000.0,60950100000.0,55233630000.0,87118213000.0,46458080800.0,35488989000.0,79434062300.0,31854013000.0,127407354000.0,,14621913600.0,,10476198300.0,35880663000.0,5494643200.0,8410767000.0,,25305624150.0,5411269200.0
2017-07-26,559444032000.0,645262482400.0,148108484000.0,80327487000.0,67932975000.0,80570731500.0,53844010700.0,52994624000.0,50408575350.0,37987524000.0,152766119500.0,,33965420400.0,,18709212000.0,35061447500.0,7765925050.0,18868276900.0,,19081866000.0,3277623050.0
2017-07-27,570185100000.0,422532450000.0,80894956000.0,64196632500.0,58145175000.0,49413666000.0,52153621500.0,39055146000.0,46755919600.0,29912696000.0,69102199800.0,,13960793000.0,,13100146500.0,24294813800.0,5534728800.0,10899891000.0,,10617471700.0,4395242850.0
2017-07-28,1249798008000.0,522858188000.0,128182496000.0,70593607500.0,100574125000.0,72565180000.0,47005814200.0,72464654500.0,70330927600.0,31162625000.0,107330683200.0,708010425372.6,13956566400.0,,19863468000.0,23158233000.0,10143546100.0,17719169000.0,,13950402800.0,8198751300.0
2017-07-31,612207480000.0,314801784000.0,126382000000.0,99417400000.0,70411055000.0,69700656000.0,45133783200.0,60877128000.0,68561781750.0,31944268000.0,48765216500.0,247036759250.0,11969031600.0,,18220192800.0,21218725650.0,6813802800.0,17028242400.0,,11571476800.0,1628317800.0
2017-08-01,552557700000.0,245266256500.0,60513886500.0,79991330000.0,66010688000.0,76111479000.0,54845869000.0,32311237000.0,43402091100.0,29984430000.0,69778207200.0,185245633800.0,17903036400.0,,23829214500.0,38252214000.0,5406555000.0,6365932800.0,,14542557300.0,1561435800.0
2017-08-02,381095050000.0,282988256000.0,68177745000.0,48584910000.0,66534345000.0,81915604000.0,82380936000.0,37551657000.0,46855889600.0,27571365000.0,65108005900.0,127247295000.0,8274004200.0,,15233120000.0,35192232100.0,2931813700.0,18020561400.0,,15133584550.0,1906003300.0
2017-08-03,742539424000.0,326982812000.0,95529307500.0,66914760000.0,104975540000.0,73428852000.0,98096797800.0,47231524500.0,49371400000.0,39903200000.0,109613353200.0,202819888800.0,10849407500.0,,36959147600.0,21451747350.0,4913565300.0,11428840500.0,,15552747000.0,1073003800.0
2017-08-04,398733840000.0,380067136000.0,78050100000.0,52262650000.0,52265928000.0,174505805000.0,61126918400.0,40959120000.0,33009281200.0,24368896500.0,65435817600.0,83902874400.0,4659685800.0,,42950292000.0,21434138500.0,3820112200.0,5880151200.0,,16106958400.0,1018284000.0
2017-08-07,343444335000.0,225540657500.0,41489432000.0,74178774000.0,118542708000.0,83191240000.0,54231974000.0,24119511000.0,36722414650.0,16897617000.0,130512787600.0,64964050000.0,9824594000.0,,30640368000.0,19085562000.0,4813385850.0,4732978500.0,,8989037450.0,769251700.0
2017-08-08,380786512000.0,289914518400.0,94323168000.0,79288200000.0,84279690000.0,85557600000.0,30159414300.0,39132500000.0,84517408800.0,36446200000.0,92625698000.0,59143075250.0,5353480500.0,,9953349000.0,18339823550.0,29203870000.0,5576961000.0,,13169470500.0,9541704750.0
2017-08-09,673623912000.0,259195879800.0,57137830000.0,72252729500.0,41474454000.0,90771502500.0,50559354000.0,30396685000.0,34562121100.0,30464742000.0,66066331200.0,56407661800.0,14495502000.0,,13323790800.0,20597511000.0,52191127450.0,3935218200.0,,10493545300.0,1929625000.0
2017-08-10,1055064285000.0,288133328000.0,83606710000.0,70875720000.0,58360588000.0,88292025000.0,50827488000.0,58903640000.0,49597665600.0,64701288000.0,53677680000.0,30732982950.0,15077609400.0,,16243910800.0,23753626600.0,19836319200.0,7067224100.0,,11764904400.0,1011180000.0
2017-08-11,1133673726000.0,409205089200.0,86290702000.0,175565061000.0,42883890000.0,108418306500.0,86057601600.0,34822035000.0,36205366400.0,35721904000.0,85908472000.0,36147363200.0,20377106300.0,,9615400000.0,11458603200.0,13808840600.0,6073965000.0,,11944211050.0,625449600.0
2017-08-14,863352000000.0,341074914600.0,46219192000.0,84923150000.0,61850263000.0,50839717500.0,45382859200.0,23393620000.0,28330419000.0,37699849000.0,40376508000.0,37717663000.0,11950451000.0,,10107645200.0,10667154200.0,12036390000.0,3682277700.0,,10483431000.0,484495300.0
2017-08-16,1012410630000.0,311654823900.0,60280776000.0,87425383500.0,54945979000.0,89394324500.0,44913000600.0,53134887000.0,33368729850.0,25425940500.0,74207598500.0,42285216900.0,9417566400.0,,22587742500.0,22160827950.0,9932496750.0,7712143500.0,,9172674000.0,1325217900.0
2017-08-17,584041584000.0,246328595200.0,36113904000.0,76666981000.0,57038016000.0,62341128000.0,34175034000.0,54017600000.0,47609298600.0,27564826500.0,67651780000.0,22314671600.0,8063876000.0,,16178488000.0,15312807100.0,5873092550.0,8928519700.0,,27704534000.0,1106925400.0
2017-08-18,491415855000.0,209769697000.0,36612109500.0,36961467500.0,41254864000.0,57223436000.0,25341380000.0,16535874000.0,65703231750.0,29343344500.0,42580389000.0,15713880000.0,10670906000.0,,14944389200.0,54138777500.0,5230627500.0,7639305300.0,,17509382000.0,493094200.0
2017-08-21,239045598000.0,172714080000.0,63699496000.0,61540486000.0,31618004000.0,63170396000.0,40553807600.0,26327922500.0,21520891600.0,20471466000.0,49471955000.0,16100738150.0,9103959600.0,,10463553100.0,53122590500.0,9215593500.0,13561531200.0,,41461002000.0,450704100.0
2017-08-22,346942250000.0,150610493000.0,78471246000.0,33936420000.0,176331766000.0,115222008000.0,33847486200.0,25592713000.0,30574108200.0,14444921000.0,224640585000.0,37471451200.0,6412556800.0,,7657781500.0,31568685750.0,3766492800.0,8839884900.0,,17915045000.0,314007500.0
2017-08-23,445585556000.0,208957948000.0,35908908000.0,75245265500.0,74992595000.0,93783840000.0,37139391800.0,17646723000.0,26726216000.0,17049938000.0,142327444900.0,15092112000.0,7981540000.0,,11032401600.0,35758996200.0,5553077200.0,5582839600.0,,20950597600.0,566404750.0
2017-08-24,411402024000.0,158900930700.0,72474244500.0,70347750000.0,90203916000.0,128732625000.0,53268747600.0,22709232000.0,35861222250.0,16801048500.0,60538783500.0,13764240000.0,29950132300.0,,10527525000.0,34350008800.0,6272795700.0,7452275600.0,,26935065000.0,4325681250.0
2017-08-25,528671721000.0,127413057600.0,52316514000.0,55899633000.0,64433460000.0,88630883000.0,40855729200.0,18690302500.0,21024281250.0,20924487000.0,41106120000.0,19149893100.0,19129680100.0,,4816782700.0,31107377000.0,4969496250.0,10171521500.0,,20862564900.0,1071466500.0
2017-08-28,459252810000.0,125170798200.0,46214279000.0,42164059500.0,85375971000.0,53413811500.0,31879672300.0,18149308000.0,21459102300.0,27293754000.0,54979769600.0,14290038000.0,19085985600.0,,21223757100.0,25422138000.0,13286821750.0,6454320800.0,,20224503000.0,596502900.0
2017-08-29,581697792000.0,200630445600.0,47874528000.0,63242823000.0,82227598000.0,70621551000.0,37122931200.0,42554540000.0,30380507800.0,22756977000.0,78423849200.0,15343117200.0,17248774900.0,,14214384600.0,53169588750.0,8817009300.0,7738559400.0,,18288036000.0,445489000.0
2017-08-30,347100600000.0,145133827000.0,109076253000.0,43260016000.0,87461226000.0,130143540000.0,32582242800.0,42235174500.0,29475946500.0,28856520000.0,70834060800.0,36357929800.0,12925264400.0,,7596923000.0,62727761250.0,6521730000.0,4981098600.0,,11224601850.0,519645500.0
2017-08-31,510061944000.0,140953586200.0,117304433500.0,124238454000.0,149678750000.0,86467334000.0,66226268000.0,48745092000.0,62412893400.0,22586256000.0,45596519700.0,19096434600.0,13685472000.0,,14472213000.0,116067435000.0,6960491600.0,5440932200.0,,18687519450.0,346210200.0
2017-09-01,494626216000.0,158313997500.0,77369864000.0,94585607000.0,109318840000.0,68308236000.0,45149101200.0,53747820000.0,25017265700.0,36310629000.0,56893412200.0,10547001300.0,14178024000.0,,9660270400.0,74111731200.0,4456025700.0,5481663000.0,,8835226350.0,399280000.0
2017-09-04,365718740000.0,220267066500.0,45745840000.0,69834900000.0,101986302000.0,86023890000.0,41758539900.0,25168666500.0,29035651950.0,18492637500.0,80714017800.0,27949950000.0,9287325000.0,,10838300000.0,53667207000.0,6469869700.0,7637540400.0,,12031935850.0,612399150.0
2017-09-05,547844836000.0,281434735200.0,75360558000.0,38680237500.0,71816672000.0,86820690000.0,114753583700.0,29335261500.0,28640627400.0,20268804500.0,40566134400.0,11802385500.0,6562087800.0,,6300847800.0,125477839950.0,7909811800.0,3380625000.0,,13774183500.0,1197540100.0
2017-09-06,508119350000.0,320943540000.0,94455672000.0,64521335000.0,59136143000.0,66876300000.0,135206460900.0,48129175000.0,31537891000.0,32011956000.0,110999163600.0,14165101300.0,16706601900.0,,6822740400.0,80562595400.0,6326520300.0,9698067500.0,,10876932000.0,12180091800.0
2017-09-07,465633180000.0,276878418600.0,73307256000.0,66439817500.0,49767750000.0,47782170000.0,63626108000.0,38332300000.0,33172212000.0,49596183000.0,68624792100.0,31387540000.0,16150211000.0,,9110361600.0,46016840800.0,13134702900.0,8500113600.0,,8830073000.0,3033424400.0
2017-09-08,534628440000.0,208265659800.0,86402659000.0,47802853500.0,51529760000.0,43527742500.0,48437351200.0,117546750000.0,43156423200.0,26126100000.0,53993190000.0,47979525250.0,27300622800.0,,9512332900.0,60677162750.0,12664466200.0,4485399600.0,,16739042950.0,14764456700.0
2017-09-11,516662550000.0,245134965600.0,66002175000.0,61867544000.0,54372240000.0,132224344000.0,63323832000.0,91210091000.0,39292999200.0,25106455000.0,42899497200.0,38796563600.0,7109527500.0,,7068019000.0,89327680000.0,4128961200.0,4888156000.0,,10681686400.0,5439869100.0
2017-09-12,596675600000.0,274661815500.0,51588200000.0,37217115000.0,61027785000.0,109640700000.0,37863751500.0,70607352000.0,32270513350.0,19010145000.0,60928906500.0,22759698600.0,16161445600.0,,6351547600.0,62021086800.0,3318123900.0,6448283600.0,,24504620400.0,3595831900.0
2017-09-13,464294340000.0,430180995600.0,78886336000.0,53841771000.0,54147204000.0,182608492500.0,41239440000.0,53059205000.0,42795930600.0,23847144000.0,79673873600.0,27001770600.0,8567052000.0,,15280781400.0,66288983500.0,5435240000.0,16545732700.0,,23709763600.0,4385122400.0
2017-09-14,714498925000.0,258556492800.0,123875948000.0,136385982500.0,173340585000.0,174763765000.0,56339924800.0,81330476500.0,42576197950.0,28584979500.0,212302266000.0,20453167500.0,10970707800.0,163958200200.0,18594894500.0,36826277100.0,6210367700.0,8513580000.0,,11344218900.0,2599036800.0
2017-09-15,542167920000.0,210391384400.0,50439070500.0,142419576000.0,75439120000.0,122149011000.0,46225782000.0,53667792000.0,42767989600.0,23314356000.0,389453968900.0,68771541900.0,9721110000.0,64541556000.0,19254884400.0,53635126200.0,5111586000.0,13564213800.0,,15572418050.0,1247757600.0
2017-09-18,604829376000.0,289974502500.0,56972957000.0,70824936000.0,95981776000.0,145578040000.0,69805450000.0,37410550500.0,40822157950.0,26006728000.0,556851016000.0,61040966000.0,20969625600.0,38119032000.0,17026695000.0,27451344100.0,6104168000.0,22332219000.0,,13249062400.0,940663500.0
2017-09-19,513402848000.0,311603608800.0,87906420000.0,86506704000.0,56959980000.0,79803749000.0,67210169600.0,51428745000.0,93230146900.0,17866784000.0,231382930500.0,28326400200.0,17739232500.0,28947275100.0,14219375800.0,56162348400.0,4190923100.0,22303949000.0,,10486585600.0,1073830500.0
2017-09-20,485267405000.0,425181265500.0,87884368000.0,57316025000.0,67625361000.0,125831653500.0,64673808800.0,71624388000.0,81375603250.0,33720593500.0,405603788400.0,213198089700.0,12680757600.0,48797838000.0,17467615600.0,63335032800.0,4246753050.0,30999996800.0,,65633993950.0,1369519250.0
2017-09-21,466741440000.0,578518350300.0,66181248000.0,65869980000.0,51698591000.0,97426606000.0,57029448000.0,63099648000.0,39679630500.0,29996620500.0,303249738000.0,149198905800.0,17168735000.0,30001910400.0,25009506900.0,52133414400.0,6646288550.0,21444907000.0,,21074579250.0,887173500.0
2017-09-22,737887200000.0,496125115800.0,61508010000.0,144386020000.0,49630204000.0,209825946000.0,61098370400.0,53987482000.0,39905986500.0,47842704000.0,246858021200.0,62783710200.0,9837227500.0,22158157000.0,11823926400.0,55403466300.0,5047363300.0,11524328000.0,,20058963000.0,1072141200.0
2017-09-25,498832222000.0,401837395500.0,43348194000.0,62848695000.0,55693456000.0,104340109500.0,38087555400.0,43216580000.0,62438745600.0,17098012500.0,228530567200.0,88229904700.0,10559422900.0,20836596800.0,11045331000.0,42983665000.0,13183187200.0,11089070700.0,,37140692800.0,4931688400.0
2017-09-26,881174952000.0,905995831200.0,124182905000.0,54879963000.0,57109779000.0,79296963500.0,69102675500.0,101359728500.0,48123460000.0,17886156000.0,148298467500.0,62159082000.0,7360626000.0,12209381000.0,9780449700.0,26220152350.0,21321329000.0,8740126400.0,,20941557500.0,925519500.0
2017-09-27,557988960000.0,414406080000.0,91976280000.0,60844049000.0,67567636000.0,61242048000.0,49003076700.0,54472876000.0,32257187800.0,20267709000.0,242579505600.0,66712464000.0,10316105000.0,12080234500.0,7376713600.0,30208770000.0,11894801100.0,5888941400.0,,19254713400.0,696768000.0
2017-09-28,616424567000.0,400775897600.0,79597266000.0,50020947500.0,79721813000.0,99828864000.0,48874378600.0,36488782500.0,33821900450.0,26685234000.0,194572080000.0,46281316000.0,11077575000.0,18880312000.0,19183941000.0,19061948700.0,18288453700.0,14393830000.0,,10612379250.0,623613250.0
2017-09-29,661994032000.0,296710623100.0,121721239500.0,54095099000.0,39335255000.0,109174352000.0,66821158800.0,70348080000.0,31215990000.0,28762568000.0,382292400000.0,174356025000.0,15413288800.0,10876655700.0,44803678000.0,27380618650.0,23899488600.0,8182231200.0,,13509999700.0,3374319300.0
2017-10-10,1083445440000.0,705702078500.0,133800798000.0,97707502500.0,124406604000.0,159799695000.0,104939233800.0,123957603000.0,86795952900.0,93342858000.0,213048337600.0,182135760000.0,10952386400.0,14450030000.0,22115428200.0,47478223800.0,13385687700.0,4845821700.0,,35384388400.0,439877200.0
2017-10-11,745953476000.0,490123062000.0,154042255000.0,89559723000.0,44480979000.0,166545225000.0,72526534300.0,44858814000.0,95203506600.0,76216950000.0,129633108000.0,73795471200.0,29951927200.0,13157120000.0,13329152600.0,29768934000.0,32439100500.0,10329646600.0,,20184044800.0,470656500.0
2017-10-12,761210360000.0,381762627000.0,90213486000.0,81559036000.0,87956736000.0,144463430000.0,83574441000.0,46757718000.0,77687958600.0,49460514000.0,306151710400.0,142653687700.0,18186340200.0,7693169400.0,66530445800.0,35122718500.0,23685787500.0,6679918200.0,,16899473000.0,380470500.0
2017-10-13,680489100000.0,525365841000.0,99597807000.0,97957925000.0,55658766000.0,122463750000.0,39852960000.0,46569862000.0,83370857700.0,30926146000.0,868592972800.0,299391625000.0,41423136300.0,25730770000.0,83757952800.0,38184110850.0,33249048700.0,14178813600.0,,46741051200.0,355155200.0
2017-10-16,526795704000.0,588189119800.0,79743294000.0,174886848000.0,49763172000.0,126420860000.0,41980034200.0,29655773000.0,58503230100.0,15986495000.0,522652725400.0,134285230800.0,26968320000.0,23115619000.0,42305830800.0,74282530150.0,49665446400.0,22058419500.0,,22485039200.0,290467800.0
2017-10-17,581307440000.0,568008750000.0,76347856000.0,77503855000.0,71342592000.0,99494393000.0,36013794900.0,35537116000.0,63614767800.0,27661800000.0,957209475600.0,223807444200.0,32862702600.0,81124421600.0,31437720600.0,36051911900.0,43819416900.0,9078375900.0,,15201592500.0,517804400.0
2017-10-18,553664670000.0,733818416500.0,104670342000.0,57819888000.0,178999265000.0,137291520000.0,35296167000.0,28034640000.0,37082628000.0,24871657500.0,863804351900.0,207955451900.0,46503996000.0,87514220400.0,28820811800.0,39298349700.0,27550151750.0,8924220800.0,,18542654000.0,357602650.0
2017-10-19,641518926000.0,606402262000.0,71818878000.0,106353020000.0,145357963000.0,118089510000.0,62617268100.0,83677944000.0,98692905550.0,41212640000.0,802366243200.0,146770080000.0,30887121600.0,34075797000.0,41926230000.0,30077523000.0,16851152800.0,21110613000.0,,13668985400.0,340300800.0
2017-10-20,432176372000.0,561177341200.0,34482157500.0,53248696000.0,82575891000.0,79355904000.0,32807832800.0,22494344000.0,265785069000.0,69522048000.0,442438936000.0,59866141500.0,15926064000.0,19544623200.0,17944388400.0,17553945900.0,46544757200.0,6371255800.0,,10782034650.0,304824000.0
2017-10-23,451290015000.0,456396717700.0,58750033500.0,46095140000.0,51831130000.0,115907207500.0,70194632200.0,31494704000.0,81890840400.0,40507875000.0,247186561600.0,35430153600.0,12383226800.0,15287055000.0,16519648800.0,22219920800.0,23097405000.0,12924762300.0,,11761051500.0,4412036650.0
2017-10-24,313758942000.0,428312325600.0,54051658000.0,54910845500.0,44421057000.0,82474276500.0,56937609900.0,20478432000.0,42827207500.0,29661217500.0,418446118500.0,71004820800.0,15616815700.0,78232875600.0,15622048000.0,23129045700.0,20682566250.0,16009804200.0,,10556971100.0,912148650.0
2017-10-25,317085615000.0,319787689000.0,123150901500.0,66059751000.0,74979432000.0,50159970000.0,64934883900.0,34726461000.0,80075840000.0,113628525000.0,518424725000.0,59943968000.0,22007991300.0,28835578800.0,9741173400.0,18612963600.0,24932493650.0,12434966100.0,,42217430400.0,647676450.0
2017-10-26,512291220000.0,592459659900.0,247305866500.0,47631577500.0,287566440000.0,129104464500.0,40060792800.0,79849216000.0,54391447350.0,54155135000.0,389603594100.0,54459559000.0,41222531400.0,38165619700.0,37008416000.0,49316029500.0,64682173800.0,11859484000.0,,40137782900.0,585879300.0
2017-10-27,392393900000.0,700054219200.0,123065581500.0,111627032000.0,208010955000.0,217428694500.0,58079935300.0,66725102500.0,54202509900.0,36903900000.0,346026100000.0,50459500800.0,26346180000.0,26963382900.0,12726310400.0,27148532250.0,45932421500.0,34251905600.0,,12059550000.0,195189900.0
2017-10-30,442919946000.0,469505614200.0,84303648000.0,71502508000.0,92608968000.0,156736698500.0,40570825600.0,62659260000.0,38667767000.0,34696546500.0,315057054400.0,123399360000.0,24844344000.0,17200825200.0,21113810000.0,16884012500.0,34661119400.0,9430086600.0,,13886936700.0,402889850.0
2017-10-31,737055774000.0,544237158000.0,145763604000.0,87070924500.0,117130986000.0,112847652000.0,60052252800.0,123903845000.0,45442364800.0,69193170000.0,287217213600.0,54769343000.0,24179168000.0,26583482500.0,7764872500.0,24743932700.0,66309297000.0,11222812500.0,,16527727350.0,317016000.0
2017-11-01,830276505000.0,602840348800.0,96506563500.0,104058756000.0,199587080000.0,139433240500.0,95990994000.0,49256610000.0,60159395250.0,65693925000.0,219168890100.0,56269804500.0,23377350800.0,16148775800.0,8984500000.0,20117038500.0,24809994000.0,6953626500.0,,13620835800.0,440397900.0
2017-11-02,611743113000.0,372377664000.0,56553600000.0,78480925000.0,60394224000.0,138210660000.0,45059731200.0,52328850000.0,34946284100.0,37250178500.0,184593630000.0,53612687700.0,21377812500.0,21729676800.0,36534162000.0,129874797250.0,26526611150.0,6366465000.0,,9199880400.0,610673100.0
2017-11-03,560180404000.0,341830381200.0,68908497000.0,54394956000.0,54346562000.0,160400574000.0,46689713900.0,47864020000.0,44783998200.0,29460795000.0,453320494200.0,55033217800.0,23353697500.0,21176069600.0,28364090000.0,77183046150.0,21442174800.0,6600359200.0,,8960965650.0,1240542000.0
2017-11-06,507473561000.0,261477578000.0,84109927000.0,102507141000.0,55461315000.0,110468037000.0,68613744200.0,56841320000.0,35418433500.0,23459154000.0,169010275000.0,31202194200.0,75475654800.0,24974468800.0,28198547400.0,37266008150.0,16030258800.0,5812699200.0,,8132845050.0,706270200.0
2017-11-07,418761255000.0,246701068000.0,116982065000.0,79998516000.0,72608080000.0,100589460000.0,60850410300.0,75244218000.0,44239682250.0,23510300000.0,429997222800.0,43011868200.0,35961641000.0,28273050000.0,24611400000.0,33385886800.0,80803261900.0,6132763200.0,,23431998850.0,374808600.0
2017-11-08,483606552000.0,282579398400.0,59553015000.0,91825195500.0,87184659000.0,84658910000.0,55254617600.0,40221435000.0,50966415500.0,25020468000.0,318439953000.0,52745568300.0,40629886200.0,26533294100.0,11558973000.0,33944570150.0,86483954400.0,6397842000.0,,17906670100.0,349884300.0
2017-11-09,675744777000.0,308875493600.0,84554991000.0,83330137000.0,145696650000.0,80352018000.0,56835538600.0,55672132500.0,41687489250.0,35453290000.0,197045181000.0,29342690200.0,49573836000.0,29565232800.0,10483000000.0,54265749000.0,68786487250.0,11447696300.0,,14127053600.0,254699350.0
2017-11-10,380632320000.0,193337304000.0,51600682500.0,64520542000.0,128000686000.0,68090782500.0,30918854400.0,31428462000.0,37404287800.0,42504615000.0,222614362600.0,108839843200.0,46722288600.0,69721577400.0,8086805100.0,36395985600.0,38604611050.0,21577536000.0,,10380826350.0,120635650.0
2017-11-13,496518927000.0,243250077300.0,106660435500.0,70408247000.0,77127687000.0,195000166500.0,35196030800.0,42376698000.0,35639705250.0,49016880000.0,563015980000.0,275406180000.0,94891459000.0,59148967500.0,41907180000.0,41143975200.0,55868645250.0,25624615000.0,,21018619300.0,564631000.0
2017-11-14,376062000000.0,283557998400.0,79227775500.0,45823712000.0,95337760000.0,143345710000.0,35887716800.0,28562100000.0,44743391550.0,21265128000.0,458354126700.0,235995116400.0,69775587000.0,31087606000.0,46951002000.0,74191677300.0,49241894000.0,45731721500.0,,33843856800.0,385935000.0
2017-11-15,487930013000.0,263045504000.0,91742336000.0,141204922500.0,73402315000.0,116014119000.0,42505369200.0,35219840500.0,34709843300.0,29003007000.0,1000886319000.0,662542023900.0,71088061100.0,43959135000.0,79088131200.0,106235277600.0,84618008000.0,29098623600.0,,29507058000.0,2567358500.0
2017-11-16,426198246000.0,251901787500.0,62553507500.0,79230143000.0,69381020000.0,100697815000.0,52755176000.0,41417984000.0,29577214800.0,20692848000.0,813489078000.0,438165446900.0,42365980800.0,19709681600.0,29749478600.0,118710650750.0,52242128250.0,14616477000.0,,18453433800.0,532980000.0
2017-11-17,599124433000.0,360144470000.0,77477616000.0,86237760000.0,116946375000.0,116465392500.0,68344638400.0,67056230500.0,29733332450.0,36956385000.0,590627407200.0,257917826600.0,91556246600.0,16873560000.0,25471897200.0,152270526800.0,137715655450.0,17493625500.0,,37926975400.0,1199166900.0
2017-11-20,522895800000.0,245396161100.0,61476799500.0,103691334000.0,68800293000.0,94856989500.0,45382166400.0,57090708500.0,40350390150.0,23141370000.0,338574247000.0,169180367700.0,42232416000.0,23463825600.0,16791042400.0,50885156700.0,69052623000.0,10475113100.0,,18521106000.0,1748508500.0
2017-11-21,570749416000.0,470975480000.0,43947440000.0,71004648000.0,64383056000.0,85049090000.0,40004805600.0,28492450000.0,27065664500.0,20800933000.0,519636822300.0,404309619000.0,39649148000.0,27390310300.0,33049546200.0,97437867000.0,55623975900.0,14070561200.0,,25565896200.0,752316300.0
2017-11-22,445047082000.0,398643756000.0,46283775000.0,51504062500.0,76441032000.0,106099812000.0,39829502000.0,29412262000.0,30071175000.0,23750718000.0,550568880400.0,669011465200.0,34283275000.0,43059254800.0,24187499700.0,73191830400.0,38612266850.0,13220903000.0,,33158368000.0,1251572000.0
2017-11-23,346891370000.0,240580355400.0,51352816000.0,74699200000.0,54162819000.0,82522113000.0,32487058800.0,33227520000.0,19241737500.0,19909824000.0,366013431200.0,296300735200.0,59554272000.0,77456700000.0,11622676100.0,40516912800.0,36028007600.0,9192315600.0,,15510912600.0,807422400.0
2017-11-24,251577652000.0,176488804900.0,65901366000.0,44786880000.0,55286550000.0,65466324000.0,40851612900.0,19327042000.0,29227270400.0,24558525000.0,205484801200.0,194448584400.0,66004574400.0,66858378600.0,11026820000.0,33702042000.0,17549960400.0,10038482800.0,468974630967.10004,14093099900.0,843825100.0
2017-11-27,954305296000.0,590481924900.0,80638777000.0,57550094000.0,93321870000.0,98694926000.0,56532620000.0,29763466000.0,28182676500.0,40869530000.0,220757322300.0,185390879000.0,55210628000.0,63617600000.0,12521968800.0,34907660000.0,25011278400.0,21122694800.0,386517442600.0,21348334800.0,1073943600.0
2017-11-28,719248032000.0,337267694400.0,56592691000.0,58923746000.0,76965204000.0,64273425000.0,77233391400.0,64261860000.0,27217243900.0,22991098500.0,214322526600.0,180501245900.0,51596215500.0,48153944000.0,17986042000.0,44874827200.0,52426006500.0,12257654200.0,107671680000.0,24865252500.0,747251000.0
2017-11-29,504447150000.0,199304835200.0,88350435000.0,84424032000.0,74556216000.0,63263037500.0,53545452800.0,51053125000.0,28120814600.0,17001660000.0,297460632000.0,170267006700.0,38064420000.0,46062490400.0,38212176000.0,25825550600.0,44056503750.0,9936769500.0,72264588000.0,20913718650.0,1006436600.0
2017-11-30,1505414820000.0,861215846400.0,198643620000.0,154969995000.0,125865600000.0,141851052500.0,136858322000.0,156210072000.0,53525287500.0,45119616000.0,230016550800.0,371482464000.0,39562322000.0,37358090000.0,21319966000.0,21918546400.0,23055656200.0,25503612000.0,67042396500.0,33501513650.0,0.0
2017-12-01,654239624000.0,335961820800.0,85441413500.0,87325812000.0,127379835000.0,225709668000.0,54007254400.0,51492518000.0,30626219250.0,23823576000.0,293929080200.0,182063932400.0,31753064000.0,33798956400.0,18936855000.0,22451384250.0,23240345600.0,13205684000.0,43872475800.0,21810952800.0,0.0
2017-12-04,763171667000.0,325555983200.0,66249103500.0,91884375000.0,114126653000.0,76019160000.0,55652100000.0,35783532000.0,24287739400.0,20434808000.0,162778729200.0,109691764000.0,18509299200.0,36677746000.0,12842956800.0,17143664200.0,80132315200.0,10719085000.0,32885607600.0,39829185000.0,0.0
2017-12-05,478078953000.0,291078647200.0,48156231500.0,107599290000.0,53315332000.0,66460662000.0,53229715700.0,38211040500.0,72150152000.0,52845897000.0,142716189600.0,148294629000.0,16496282300.0,23895323000.0,15967594800.0,15476910400.0,73369675000.0,9087818400.0,18535759200.0,23948405000.0,0.0
2017-12-06,544677784000.0,304903445000.0,70606566000.0,84372543000.0,57158374000.0,57376276000.0,50279040000.0,45131226000.0,38341494100.0,41702797500.0,185179694700.0,100611590800.0,34884246800.0,38783625800.0,37404191700.0,22407469200.0,70835858050.0,11025996800.0,22623544800.0,17935243800.0,0.0
2017-12-07,561468544000.0,392626336000.0,51213426500.0,77944317500.0,129735000000.0,102216781000.0,79122102400.0,34241285000.0,67583537700.0,28499668500.0,303148280000.0,200999732700.0,21298501000.0,39110542000.0,13099741200.0,25129962000.0,98748065700.0,8335346700.0,27969420000.0,21792029400.0,0.0
2017-12-08,587103400000.0,288098349200.0,89154348000.0,63863837000.0,48881190000.0,64293990000.0,49472822000.0,33788044000.0,57144932000.0,27553544000.0,247169538600.0,193131783300.0,16208091900.0,25670238000.0,7983846000.0,14048048800.0,60065484000.0,5288472000.0,36378980400.0,11896611750.0,0.0
2017-12-11,420756513000.0,194728275700.0,185324250000.0,63462945000.0,47577600000.0,57255600000.0,45193705000.0,56042705000.0,29271155400.0,28611830000.0,194915435000.0,162803733400.0,16899409500.0,30898357600.0,10891240000.0,22401810200.0,37280014200.0,8795551900.0,32346138000.0,15410596500.0,0.0
2017-12-12,419308615000.0,247983843400.0,85433250000.0,66817324000.0,60459732000.0,105496950000.0,63920761300.0,51161344000.0,27292515900.0,24218688000.0,155886948000.0,166779522000.0,19777462200.0,38662080000.0,10515741300.0,18542199900.0,45137706600.0,5321263500.0,13798945600.0,12024412400.0,0.0
2017-12-13,568615336000.0,265502515200.0,67064959500.0,54450913500.0,60215600000.0,117472416000.0,80224809600.0,44456761500.0,33559544500.0,25254250000.0,206159100000.0,239578698800.0,16470547500.0,32656910000.0,11641213500.0,19299697200.0,33836220000.0,6223535600.0,12283006000.0,8562376400.0,0.0
2017-12-14,1037049024000.0,417323372000.0,127723781500.0,126953973500.0,119485995000.0,148171140000.0,166333029800.0,85924352000.0,103349936700.0,58022370000.0,553592437000.0,675880680000.0,30754192800.0,80948965000.0,22162734000.0,21876996700.0,48017266700.0,14071097600.0,8653374000.0,17468101600.0,0.0
2017-12-15,755683201000.0,250783199200.0,63782488000.0,62021328500.0,76918784000.0,77680646000.0,82747121400.0,70965396000.0,92167998000.0,39804642000.0,273512964500.0,153647732500.0,20736075000.0,38377172000.0,11266845700.0,34776591800.0,19018376850.0,8628351600.0,8289345000.0,10582149600.0,0.0
2017-12-18,368097280000.0,243037643200.0,46070640000.0,84926260000.0,89748740000.0,60632662500.0,42002971500.0,37535127000.0,31758389600.0,9110500000.0,200670580800.0,145429560000.0,45061641800.0,50269936400.0,11754395000.0,31594830300.0,38681741100.0,9440728900.0,29875151100.0,8151654150.0,0.0
2017-12-19,542047702000.0,542762642800.0,46077174000.0,70615977000.0,64855170000.0,44063340500.0,41373321600.0,41864548000.0,30219084850.0,13196948000.0,335219690000.0,189340529400.0,36152485600.0,28792551500.0,8442205200.0,18644261650.0,48084600600.0,11543857300.0,17182233600.0,9883536250.0,27327269580.0
